id,pm25,pm10,so2,no,o3
0,,,3.0,3.0,60.0
1,6.0,11.0,1.0,,25.0
2,19.56,39.93,0.86,16.78,48.1
3,15.0,22.0,,1.0,30.0
4,15.53226,17.32912,0.105185,,13.0069
